"at the pool, hby?"
Show this thread
ga-jung-joo as your kids in the pool:
ä¸€é”®è§£é™¤æµ·å¤–åœ°åŸŸå’Œç‰ˆæƒé™åˆ¶ï¼ŒåŠ é€Ÿè®¿é—®å…¨çƒç½‘ç«™åŠåº”ç”¨
å‘Šåˆ«é«˜å»¶è¿Ÿï¼Œç•…ç©æµ·å¤–å„ç±»æ¸¸æˆç¤¾äº¤APP
15Â¥/æœˆ ï¼ˆä¸é™æµé‡ ï¼ä¸é™æµé‡ï¼‰
é«˜é€Ÿç¨³å®šï¼ä¸Šç™¾çº¿è·¯ï¼é è°±ï¼åŒ…å”®åï¼
é©¬ä¸Šä½“éªŒå§:https://bit.ly/3DQuC1u?twclid=2-4vhqm7gg9g7nd1jrldaat0vf9
è‡ªç ”åŒå‘åŠ å¯†åè®®ï¼Œä¸ç•™ç—•è¿¹ï¼Œçœ‹ä¸å¯æè¿°çš„å†…å®¹å†ä¹Ÿä¸æ‹…å¿ƒè¢«æŸ¥æ°´è¡¨
æœ€å¥½çš„åŠ é€Ÿå™¨ï¼Œå®˜æ–¹æ¨èï¼ï¼ï¼å¿«æ¥è·Ÿæˆ‘ä¸€èµ·ä¸‹è½½å§ï¼
Show this thread
7 yr old me at the corner of the swimming pool:
Antonio Brown making up stories about being in the pool:
"Journalist, Disaffected Liberal, Commentator, Filmmaker, Skateboarder, Musician | Former VICE, Fusion"
"Official Twitter account of Morgan Stanley. We provide a range of investment banking, securities, investment management & wealth management services worldwide."
"20,000 staff, 100 countries, 1 humanitarian mission: to uphold #IHL and protect + assist people affected by conflict and violence."
Old man forcing teen girl 
"Stand by me, by the pool 97"
#oasis #LiamGallagher #noelgallagher 
 @NoelGallagher
â„™ğ•£ğ•šğ•ªğ•’ğ•Ÿğ•œğ•šğ•¥ ğ•ƒğ•šğ•§ğ•– ğ”½ğ•–ğ•–ğ••
#PriyankaChaharChaudhary #AnkitGupta #priyankitğ“ƒµ
The art of playing pool by using physics and geometry
"Sea Lion enters in hotel, swims in the pool and steals the man's chair "
Video by ViralHog
 gailstoneheart
Heaven like World
Happiness is a Day at swimming pool
Ann now for something completely different!
"Two guys, chilling in a cool pool, no feet apart cause they are gay"
Show this thread
<after the massage>
 that was refreshing. 
 swimming pool go?
 in the morning?
Dave the realist
Game of pool turns ugly.
German_shepherdlovers
I think itâ€™s so funny when she stands in the pool 
#GermanShepherd #gsd #gsdlover #dogsoftwitter #germanshepherdpuppies
POOL NOODLES + BALLOONS = Students are GENIUS! #PhysEd
Im unable to can
Guy Iâ€™m hosting a pool part on Saturday please come 
Letâ€™s all get naked and jump in the pool. Seems like a good idea.
LinkPool Distributions
New distribution!
"18089.0 LINK ($137,847.15 USD) distributed on Oct-05-2022"
Stake $LPL at https://app.linkpool.io to support the number 1 Chainlink node operator and earn $LINK!
Ethereum Transaction Hash (Txhash) Details | Etherscan
"Ethereum (ETH) detailed transaction info for txhash 0x2743866fee18b343c404bacd451eeba3c8afd0ccbd105320d2d486156cb6b843. The transaction status, block confirmation, gas fee, Ether (ETH), and token..."
Kampak_art | COMMISSIONS OPEN (0/5)
swimming pool with yuna 
Show this thread
#Fallout76 is Free to Play from now until Oct. 11th  A very nice pool table is available for Fallout1st members
'X the everything app.'
'Buying twitter is an accelerant.' 
"Pool at 13 minutes to 9, 11/18 = 119"
Show this thread
Yeji helps yuna who got stuck in the middle of the pool.
Look at the way he dives into pool  my heart  #AbduRozik 
#BB16 #BiggBoss16
Listen to this about the vaccins!
Before the pool.
"It wasn't really what I was going for, but I kind of ended up recreating Lara Croft lol."
Cardano ğ—¦ğ—›ğ—”ğ— ğ—¥ğ—¢ğ—–ğ—
So the #Cardano summit has a gala dinner event does anyone know dress code 
Show this thread
LinkPool Distributions
New distribution!
"6111.63 LINK ($46,573.65 USD) distributed on Oct-05-2022"
Stake $LPL at https://app.linkpool.io to support the number 1 Chainlink node operator and earn $LINK!
Ethereum Transaction Hash (Txhash) Details | Etherscan
"Ethereum (ETH) detailed transaction info for txhash 0xc52d3195c82d39cc57e66b94b0f09bc3ae89e33d96c35811a30a9a85eae7173c. The transaction status, block confirmation, gas fee, Ether (ETH), and token..."
The $ARV Farm and Syrup Pool are now live 
" Stake #ARV- #BNB Lp, earn $CAKE"
https://pancakeswap.finance/farms
" Stake #CAKE, earn $ARV: "
https://pancakeswap.finance/pools
Event details: https://pancakeswap.finance/voting/proposal/bafkreicuwkwm4v624ypa5i4yecjlqozawc6zpu4qfa4e42afje6c3dtev4â€¦
PancakeSwap  #BSC and BNB Chain
SIMMONE YOUNGSON
Slightly ruff after drowning my rangers sorrows last night.. day by the pool it is
common or garden au ra 6.0!!!
Anyways I fall on the floor in a pool of tears and several pictures of this scatter everywhere 
Fletcher things
Fletcher playing pool with Lewis Capaldi and Lauren Glucksman via findingxfletcher on IG stories
me when gerard wore the pool boy at the vampire mansion shirt with the shortest shorts he could possibly find
Awesome Reactions
Just the fact that Zubair and Pratik of Alt News and Harsh Mander of Karwan-e-Mohabbat are shortlisted for Nobel Peace Prize 2022 is a BIG WIN for truth.
No need to go to the pool today
Show this thread
Cardano Over Coffee
Join the Wednesday Crew! 
 @Jennycitalinda
 @Welikethetrees
Cardano Over Coffee
Cardano Over Coffee Wednesday Crew with @martifylabs
57 in this Space
Shelter Dog Gets A Pool All His Own But Still Prefers His Bucket
Raise your hand if you are ready for Charlie Crist and Val Demings to send Ron DeSantis and Marco Rubio to be pool boys at Mar-a-Lago.  01
"With four days to go, so far more detectives are investigating the pool. "
Will it pay off in solving?
Burn deadline: Sunday at 6PM UTC
Catherine McKenney (they/them)
â€œOttawa mayoral candidate Catherine McKenney says they would open libraries on Sundays and keep beaches and pools open longer if elected mayor.â€
ottawa.ctvnews.ca
"McKenney pledges to extend beach, pool and library hours, invest in social services"
Ottawa mayoral candidate Catherine McKenney says they would open libraries on Sundays and keep beaches and pools open longer if elected mayor.
Anyone wanna pool together their empty beer cans and buy The Toronto Star with me?
Definitely a swimming pool co-owner while the other owner calls the police  #TibetteisEndgame
PancakeSwap #BSC
The $ARV Farm and Syrup Pool are now live!
 $ARV-BNB Farm: 
https://pancakeswap.finance/farms
" Stake $CAKE, Earn ARV: "
https://pancakeswap.finance/pools
APR will drop as liquidity increases.
I Shoulda Never Smoke That Shit Now Iâ€™m The Pool Boy At The Vampire Mansion
Show this thread
Happy pool day.
ä¸€é”®è§£é™¤æµ·å¤–åœ°åŸŸå’Œç‰ˆæƒé™åˆ¶ï¼ŒåŠ é€Ÿè®¿é—®å…¨çƒç½‘ç«™åŠåº”ç”¨
å‘Šåˆ«é«˜å»¶è¿Ÿï¼Œç•…ç©æµ·å¤–å„ç±»æ¸¸æˆç¤¾äº¤APP
15Â¥/æœˆ ï¼ˆä¸é™æµé‡ ï¼ä¸é™æµ
é«˜é€Ÿç¨³å®šï¼ä¸Šç™¾çº¿è·¯ï¼é è°±ï¼åŒ…å”®åï¼
é©¬ä¸Šä½“éªŒå§: https://bit.ly/3dJNk0d?twclid=21km5xfyqkgiz6zpk5be1n5atz
è‡ªç ”åŒå‘åŠ å¯†åè®®ï¼Œä¸ç•™ç—•è¿¹ï¼Œçœ‹ä¸å¯æè¿°çš„å†…å®¹å†ä¹Ÿä¸æ‹…å¿ƒè¢«æŸ¥æ°´è¡¨
æœ€å¥½çš„åŠ é€Ÿå™¨ï¼Œå®˜æ–¹æ¨èï¼ï¼ï¼å¿«æ¥è·Ÿæˆ‘ä¸€èµ·ä¸‹è½½å§ï¼
Mary Deluca-Bishop | Marina (-1)
Doggies pool party. 
me lookin  by the pool And Alil Awk
"Hellen Wendy, who drowned in a swimming pool in Canada, being laid to rest in Kisii"
PosiTiff TwitchCon
WE ARE LIVE FOR THE POOL PARTY AND IM IN A WET SUIT
#NYCACC #153121 2y
To Be Killed: 10/6
"Back on list, Foster Fell Thru"
"Big, gentle Rottie, found in someone's pool, stuck on tarp! Sweet boy takes treats gently +greets all w waggy tail. Needs loving, N.East #Foster, 4 security, 2 decompress. Pls #pledge"
#NYCACC #153121 2y
To Be Killed: 9/17
"Big, young Rottie, found in someone's pool, stuck on tarp! Course unsure whom 2 trust! Takes treats gently+greets w waggy tail, yet set 2 die after 5Days! Needs loving, N.East "
Show this thread
Show this thread
Handsome hunk #AnkitGupta in the pool and will attract the female bees  
#PriyankaChaharChoudhary
Always on the lookout for him
#BiggBoss16 #BB16
 We are in the news 
Let's amplify this with a Like + RT 
We are soon launching a Shopping Pool Auction that will enable users to have their very own #Web3 Digital Bank
"ZoidPay to Launch 1st Shopping Pool Auction, Offering Crypto Users a Chance to Own a Web 3.0..."
Crypto liquidity platform and Chrome extension Zoidpay is launching a Shopping Pool Auction that will enable users to have their very own Web 3.0 Digital Bank.
Liberty Softball
Question: You have to fill a pool with a food to swim in. What are you filling it with?
"A year ago today, the kayak was of concern. Also folks saw a pool filter bobbing around and thought Brian was going for a swim"
balthus #GeroRising
"Just wanna do a quick flex on my set of uniques that I have been unknowingly collecting. A small pool, but I am proud of em. "
"2573894, 11405875, 431152, 3990725"
"4196837, 911781, 10002202, 10800608, 1572249"
 @BigYakAxieClub
dei cant bear it anymore
itâ€™s a nighttime scene in the pool i- 
InvArch Tinkernet |
The first Liquidity Boostrapping Pool (LBP) event of the #Dotsama ecosystem is almost here! 
 Pair: $KSM / $TNKR
" Start: October 12th, 2022"
" End: October 15th, 2022"
Youâ€™re not going to want to miss this! 
cointelegraph.com
The first Polkadot-native liquidity bootstrapping pool event has arrived
The InvArch Network is partnering with HydraDX to host the very first liquidity bootstrapping pool (LBP) event in the Polkadot and Kusama ecosystem.
"1/ The Polkadot staking dashboard has seen some exciting updates since its launch. In the past month, there has been a big focus on nomination pools. "
Learn more about nomination pools from 
Show this thread
The #PrincessofWales with little Bianca.
Alastair Grant // WPA Pool // Getty Images
Show this thread
"Full arrival of Princess Benedikte, Crown Prince Frederik, #CrownPrincessMary and HM #QueenMargrethe, filmed from the Press Pool. "
 Billed Bladet 
#detdanskekongehus
LIVE ON TTVArthuro Asashi| MISGENDERED ARC
HOW BOUT NO! THIS MAN HERE AIN'T INTO å¤§ä¾¿ UNFORTUNATELY XD
Chang Heqingå¸¸æˆ‘å¤§ä¾¿
"CoinvoteCC VitaInuCoin BabyDogeCoin Very confusing  #BabyDoge have the most votes with 73% while, #VitaInu havâ€¦ https://twitter.com/i/web/status/1572277710361137153â€¦"
Twitterã£ã¦ãšã£ã¨ãƒ¢ãƒ¤ãƒ¢ãƒ¤ã—ã¦ãŸã‘ã©è¨€èªåŒ–ã§ããªã‹ã£ãŸæƒ³ã„ã‚’èª°ã‹ãŒå¤§ä¾¿ã—ã¦ãã‚Œã‚‹ã‹ã‚‰ã»ã‚“ã¨å¥½ã
Show this thread
1gram(HIPHOPé€Ÿå ±)
  Lil Naz XãŒå¤§ä¾¿ã‚’ã™ã‚‹ãŸã‚ã«ã‚³ãƒ³ã‚µãƒ¼ãƒˆã‚’ä¸€æ—¦ã‚¹ãƒˆãƒƒãƒ—ã•ã›ãŸã‚ˆã†ã§ã™
Show this thread
å¾Œè—¤è¼æ¨¹ï¼ˆã”ã¨ã†ã¦ã‚‹ãï¼‰è¥¿æš¦2023å¹´4æœˆèŒ…é‡å¸‚è­°é¸ã€è¥¿æš¦2026å¹´é•·é‡çœŒçŸ¥äº‹é¸ã€ç«‹å€™è£œäºˆå®š
ä»Šã¾ã§ãƒã‚ºã„ãƒã‚ºã„æ€ã„ãªãŒã‚‰ã‚¦ãƒ³ã‚³èˆã‚ã¦ãŸã‘ã©ã€ä»Šæ—¥ã®å¤§ä¾¿ã¯ãƒã‚ºããªã‹ã£ãŸï¼ã‚„ã‚„è‹¦ã„ãã‚‰ã„ã§ã€ã“ã‚Œãªã‚‰é£Ÿã¹ã‚‰ã‚Œã‚‹ï¼ã•ã‚“ã¾ã®è…¸ã‚ˆã‚Šé£Ÿãˆã‚‹ï¼æ„Ÿå‹•ï¼ææ–™ã¯ã€ç„¡æ·»åŠ ç„¡è¾²è–¬ã®å†·è£½ã¨ã†ã‚‚ã‚ã“ã—ã‚¹ãƒ¼ãƒ—ã€ç„ç±³ã€ç´è±†ã€ãƒŠãƒƒãƒ„ãªã©ã€‚ã“ã‚Œãªã‚‰ãƒ ã‚«ãƒ‡äººé–“ã«ãªã£ã¦ã‚‚å¤§ä¸ˆå¤«ã€‚ã†ã‚“ã“é£Ÿã¹ã‚‹ã®è‹¦æ‰‹ãªæ–¹ã¯æ˜¯éï½ã€‚
Show this thread
ãƒ€ãƒ‹ã‚¨ãƒ«ç¤¾é•·@æœˆé–“440ä¸‡äººYouTubeãƒ»ãƒ‹ã‚³ãƒ‹ã‚³
ãƒã‚¹ã‚¯ã‚„ãƒ¯ã‚¯ãƒãƒ³ã‚’ã—ãªã„æ„å¿—ã‚’ä¼ãˆã¦ã‚‚å¼·åˆ¶ã™ã‚‹ä¼šç¤¾ãŒã‚ã‚Œã°ã€ä¸€ç›®æ•£ã«ã‚„ã‚ãŸã»ã†ãŒã„ã„ã§ã™ã€‚
ãªãœãªã‚‰ã€ãã®ä¼šç¤¾ã¯20å¹´å¾Œã«ã¯è·¡å½¢ã‚‚ãªãæ¶ˆãˆã¦ã„ã¾ã™ã‹ã‚‰ã€‚
ãã‚“ãªä¼šç¤¾ã«ã€ã‚ãªãŸã®è²´é‡ãªäººç”Ÿã‚’è²»ã‚„ã™æ„å‘³ã¯ã‚ã‚Šã¾ã›ã‚“ã€‚
ãƒˆã‚¤ãƒ¬ã«æµã™å¤§ä¾¿ã«ã€ãŠçµŒã‚’å”±ãˆã‚‹ãã‚‰ã„ç„¡é§„ã§ã™ã€‚
é£Ÿã¹ãŸç‰©ã§å¤§ä¾¿ã«ãªã‚‹ã®ã¯åŸºæœ¬çš„ã«é£Ÿç‰©ç¹Šç¶­ã ã‘ã€‚ã¤ã¾ã‚Šé£Ÿç‰©ç¹Šç¶­ä¸è¶³ã ã¨è‰¯ã„å¤§ä¾¿ã‚’ä½œã‚Œãªã„ï¼ä¾¿ç§˜ã€‚ä¾¿ç§˜ã§ã¯å­å®®åµå·£ã‚’è‰¯ãã§ããªã„ã®ã§æ”¹å–„å¿…é ˆã€‚å¤§ä¾¿ã®ææ–™ã«ãªã‚‹ã®ã¯ä¸æº¶æ€§é£Ÿç‰©ç¹Šç¶­ï¼ˆã‚¹ã‚¸ã‚¹ã‚¸é‡èœï¼‰ã€‚è©¦ã—ã«ã‚­ãƒ£ãƒ™ãƒ„ã‚’å¤šã‚ã«é£Ÿã¹ã¦ã¿ã¦ã­ã€‚ç¿Œæ—¥ãƒ¢ãƒªãƒ¢ãƒªå‡ºã‚‹äººãŒå¤šã„ã€‚å¤§åŠã®ä¾¿ç§˜ã¯ã‚¹ã‚¸ã‚¹ã‚¸ä¸è¶³ã ã‚ˆ
ã“ã®å¥³æ€§ã®ç·æ„ã‚’å¤§ä¾¿ã—ãŸæ¼«ç”»ãŒæ·±ã™ãã¦ç›®ãŒè¦šã‚ãŸ
ãã¤ã–ã‚ æ—¥æœ¬æ”¹é©å…š å…ƒè±Šå³¶åŒºè­°
é•·å¦»ç«‹æ†²æ”¿èª¿ä¼šé•·ã€Œè¨±ã›ãªã„ã‚‚ã®ã‚’ç™ºæ˜ã—å›½ã‚’å¤‰ãˆã¦ã„ãã€
è¨±ã›ãªã„ã‚‚ã®ä¸–é–“ã®åå¿œã€ŒãŠå‰ã‚‰ã€ã€Œå›½ä¼š18é€£ä¼‘ã€ã€ŒäºŒé‡å›½ç±ã€ã€Œå£ºå‹‰å¼·ä¼šå‚åŠ ã€ã€Œã‚¬ã‚½ãƒªãƒ³å€¤ä¸‹ã’éšŠã€ã€Œå¤–å›½ã§å‹æ‰‹ã«åœŸä¸‹åº§ã™ã‚‹å…ƒç·ç†ã€
åå¤å±‹ç„¼è‚‰åº—å¤§ä¾¿æ”¾ç½®äº‹ä»¶ã®åº—ä¸»ã€Œã©ã†ã—ã¦ã“ã‚“ãªã“ã¨ã«ãƒ»ãƒ»è¨±ã›ã¾ã›ã‚“ã€
å®‰å€ç·ç†ã®æ¥­ç¸¾ã‚’ã€Œè©•ä¾¡ã™ã‚‹71ï¼…ã€ã§ã‚¢ãƒ™ã‚¬ãƒ¼æ†¤æ­»ï¼ç«‹æ†²æ°‘ä¸»ã€Œè¨±ã›ãªã„ã‚‚ã®ã‚’ç™ºæ˜ã™ã‚‹ã€ç«‹æ†²æ°‘ä¸»ãŒè¨±ã›ãªã„ã¨ç‚ä¸Šã€ã“ã“ã§ã‚‚ã€ŒãŠå‰ãŒè¨€ã†ãªï¼...
æ—¥æœ¬æ”¹é©å…šã®è©³ç´°ã¯ã™ãä¸‹ã«ã‚ã‚‹ã€Œã‚‚ã£ã¨è¦‹ã‚‹ã€ã‚’ã‚¯ãƒªãƒƒã‚¯ã—ã¦ãã ã•ã„ã€‚â– æ—¥æœ¬æ”¹é©å…šãƒ¡ãƒ«ãƒã‚¬å…šå“¡ã‚’å‹Ÿé›†ã„ãŸã—ã¾ã™ã€‚ãƒ¡ãƒ«ãƒã‚¬ã”ç™»éŒ²ã§ã€æ—¥æœ¬æ”¹é©å…šã‚’ã”æ”¯æ´ãã ã•ã„ã€‚ã‚¿ã‚¤ãƒˆãƒ«ã€Œãã¤ã–ã‚äº®æ²»ã®ãƒ‡ãƒˆãƒƒã‚¯ã‚¹ã‚¸ãƒ£ãƒ‘ãƒ³ï¼ã€æ›´æ–°é »åº¦ ã»ã¼æ¯æ—¥ã“ã¡ã‚‰ã‹ã‚‰ã”ç™»éŒ²ãã ã•ã„ã€‚https://www.mag2.com/m/0001695874â– ...
ãã¤ã–ã‚ æ—¥æœ¬æ”¹é©å…š å…ƒè±Šå³¶åŒºè­°
é•·å¦»ç«‹æ†²æ”¿èª¿ä¼šé•·ã€Œè¨±ã›ãªã„ã‚‚ã®ã‚’ç™ºæ˜ã—å›½ã‚’å¤‰ãˆã¦ã„ãã€
è¨±ã›ãªã„ã‚‚ã®ä¸–é–“ã®åå¿œã€ŒãŠå‰ã‚‰ã€ã€Œå›½ä¼š18é€£ä¼‘ã€ã€ŒäºŒé‡å›½ç±ã€ã€Œå£ºå‹‰å¼·ä¼šå‚åŠ ã€ã€Œã‚¬ã‚½ãƒªãƒ³å€¤ä¸‹ã’éšŠã€ã€Œå¤–å›½ã§å‹æ‰‹ã«åœŸä¸‹åº§ã™ã‚‹å…ƒç·ç†ã€
åå¤å±‹ç„¼è‚‰åº—å¤§ä¾¿æ”¾ç½®äº‹ä»¶ã®åº—ä¸»ã€Œã©ã†ã—ã¦ã“ã‚“ãªã“ã¨ã«ãƒ»ãƒ»è¨±ã›ã¾ã›ã‚“ã€
å®‰å€ç·ç†ã®æ¥­ç¸¾ã‚’ã€Œè©•ä¾¡ã™ã‚‹71ï¼…ã€ã§ã‚¢ãƒ™ã‚¬ãƒ¼æ†¤æ­»ï¼ç«‹æ†²æ°‘ä¸»ã€Œè¨±ã›ãªã„ã‚‚ã®ã‚’ç™ºæ˜ã™ã‚‹ã€ç«‹æ†²æ°‘ä¸»ãŒè¨±ã›ãªã„ã¨ç‚ä¸Šã€ã“ã“ã§ã‚‚ã€ŒãŠå‰ãŒè¨€ã†ãªï¼...
æ—¥æœ¬æ”¹é©å…šã®è©³ç´°ã¯ã™ãä¸‹ã«ã‚ã‚‹ã€Œã‚‚ã£ã¨è¦‹ã‚‹ã€ã‚’ã‚¯ãƒªãƒƒã‚¯ã—ã¦ãã ã•ã„ã€‚â– æ—¥æœ¬æ”¹é©å…šãƒ¡ãƒ«ãƒã‚¬å…šå“¡ã‚’å‹Ÿé›†ã„ãŸã—ã¾ã™ã€‚ãƒ¡ãƒ«ãƒã‚¬ã”ç™»éŒ²ã§ã€æ—¥æœ¬æ”¹é©å…šã‚’ã”æ”¯æ´ãã ã•ã„ã€‚ã‚¿ã‚¤ãƒˆãƒ«ã€Œãã¤ã–ã‚äº®æ²»ã®ãƒ‡ãƒˆãƒƒã‚¯ã‚¹ã‚¸ãƒ£ãƒ‘ãƒ³ï¼ã€æ›´æ–°é »åº¦ ã»ã¼æ¯æ—¥ã“ã¡ã‚‰ã‹ã‚‰ã”ç™»éŒ²ãã ã•ã„ã€‚https://www.mag2.com/m/0001695874â– ...
ã‚³ã‚ªãƒ­ã‚®ã‚’ãƒ©ã‚ºãƒ™ãƒªãƒ¼ã«ã‚ã’ã¦ãŸã‚‰ã‚³ã‚ªãƒ­ã‚®æ±ã‚’å¤§é‡ã«ä¿ºã®å£ã®ä¸­ã«é£›ã°ã—ã¦ããŸã€‚ä¸€ç¬ã‚­ãƒ¬ã¡ã¾ã„ãã†ã«ãªã£ãŸãŒç›´ãã«å†·é™ã«ãªã£ãŸã€‚ãã—ã¦ã€æ„›ã§ã‚‹ã‚ˆã†ã«ãƒãƒ‹ãƒ©ã‚’æ‰‹ã®ã²ã‚‰ã«ä¹—ã›ãŸã€‚æ¬¡ã®ç¬é–“æ‰‹ã®ã²ã‚‰ã§å¤§ä¾¿ã‚’ã‹ã¾ã—ãŸã€‚ä¿ºã®ä¸­ã§æˆ¦ã„ã®ã‚´ãƒ³ã‚°ãŒé³´ã£ãŸ
 #ãƒ¬ã‚ªãƒ‘ #çˆ¬è™«é¡å¥½ãã¨ç¹‹ãŒã‚ŠãŸã„
æ™’ã•ã‚Œã®å¸«åŒ ã¨ä¸€ç·’ã«ãŠæ°—æŒã¡å¤§ä¾¿ï¼†æ™’ã—ã‚¹ãƒ¬ã‚³ãƒ©ãƒœå†™çœŸæ’®ã£ã¦ãã¾ã—ãŸ
ç„¼æ¯çŒ«çŒ«ç‹¼(êœ†êœ„êœ†Ë™ê’³Ë™)êœ†êœ„êœ†ï½µï¾—ï½µï¾—ï½µï¾—
nagatetsu@11/3ãã‚“ã¾ãƒãƒ©ã‚½ãƒ³
"ä»Šæœã¯ä»•äº‹å‰15.5km avg.4'35""/km"
æ˜¨æ—¥ä¼Šå‹¢å´ã®ã‚³ãƒ³ãƒ“ãƒ‹ãƒˆã‚¤ãƒ¬å¯„ã£ãŸã‚‰ã™ã”ã„ãƒã‚¹ã‚¿ãƒ¼ç™ºè¦‹
ã“ã®æŒ¿ã—çµµã€ãƒ•ãƒªãƒ¼ç´ æã“ã‚“ãªãƒ•ãƒªãƒ¼ç´ æã‚ã‚‹ãã‚Œã¨ã‚‚åº—ä¸»ã®ç”»åŠ›w
ã€ã„ã¤ã‚‚ãã‚Œã„ã«ãŠä½¿ã„â€¦ã€ã£ã¦ã€ä½¿ã£ã¦ã¸ã‚“ã‹ã‚‰æ€’ã£ã¦ã‚‹ã‚“ã‚ˆã­w
Show this thread
ï¾˜ï¾™ï½·ï¾‘ãƒãƒ£ãƒãŒæ—¥æœ¬ã®ï¾ï¾—ï½³ï½«æ’«ã§å›ã™ï½³ï½«å§¿ï¾ï½¯ï½ºï¾„å¤§ä¾¿
ã‚ã¾ã­ã‚ã¾ã­ã‚ã¾ã­ã‚ã¾ã­ã‚ã¾ã­
ã‚ã¾ã­ã‚ã¾ã­ã‚ã¾ã­ã‚ã¾ã­ã‚ã¾ã­
æˆ‘è¦é‡ç•«ä¸€å¼µäº†æˆ‘æ˜¯å¤§ä¾¿.......@@é€™æ˜¯éºç…§
NÍ¡ÍœiÍ¡ÍœcÍ¡ÍœoÍ¡ÍœlÍ¡ÍœaÍ¡ÍœsÍ¡
 @jiongjiongbffj
OLãŒå’Œå¼ã¨ã„ã‚Œã§å¤§ä¾¿ã—ã¦ãŸã‚‰ã€è‚›é–€ã‹ã‚‰ãƒ—ãƒ¼ãƒãƒ³å‡ºã¦ãã¦æ€ã‚ãšãŠã‚“ãªã¯ã€ã€Œããããããƒ¼ï¼ãªã«ã“ã‚Œãã£ã—ã‚‡ã€ã¨å«ã³ã€ã“ã®å¥³æ€§ã¯ã€ã€Œãƒ—ãƒ¼ãƒãƒ³ç³ã¯ã€ãªã‚“ã¨ã‚¦â—‹ã‚³ã‚ˆã‚Šæ­»ã¬ã»ã©è‡­ã£ã„ç‰©ä½“ã åããã†ã ã€ã¨èªã£ã¦ã¾ã—ãŸã€‚
å“€é³³è‡ªå‹•ç”Ÿæˆçš„å¤§ä¾¿å°ç‹—åˆè¼¯å½±ç‰‡å¥½å¥½çœ‹
ä½†æ°£æ°›æ€æ„Ÿè¦ºå½·å½¿å¤šåˆ©å·²ç¶“é ˜ä¾¿ç•¶
å‡ºãã†ã§å‡ºãªã„å¤§ä¾¿ã‚’ç„¡ç†ã‚„ã‚Šå‡ºã™æ©Ÿèƒ½
ğ¤ğšğ§ğ§ğš ğƒğ«ğğšğ¦ ğğ¢ğšğ«ğ²
